{"cameraMode":{"drawMode":0,"name":"Shaded","section":"Shading Mode"},"sceneLighting":false,"audioPlay":false,"sceneViewState":{"showFog":true,"showMaterialUpdate":true,"showSkybox":true,"showFlares":true,"showImageEffects":true,"showParticleSystems":true},"in2DMode":false,"pivot":{"x":-3.0731310844421388,"y":-13.70248031616211,"z":4.440650939941406},"rotation":{"x":-0.5766122341156006,"y":0.0834561288356781,"z":-0.05936693772673607,"w":-0.8105764985084534},"size":50.21003341674805,"orthographic":false}